function; time; arguments; size of piece
build_blank_shape; 8.749399999996577e-05;
build_structures; 0.00011557799999994955;
build_neighbour_map; 9.235500000004393e-05;
build_white_piece_map; 0.0001398820000000356;
get_pieces; 0.003001248000000123;
break_evil_pieces; 0.0037589860000000197;
